Order Number,SKU,Product Name,Human chosen packaging,Price,Product Package Type (termando defined),Weight,Length,Width,Height
500027379,A143671,Fancy Feast Gravy Lovers WhiteFish in Sauteed Seafood Flavoured Gravy 85g,1 Box,1.55,1,0.09,6.7,6.7,3.7
500027379,A163524,Dine Daily Morsels in Jelly with Chicken Cat Food 85g,1 Box,1.49,1,0.092,2.3,8.8,8.8
500027379,A144056,Dine Daily Cuts in Gravy with Lamb Cat Food 85g,1 Box,1.49,1,0.09,2.8,8.8,8.8
500027379,A158909,Fancy Feast Royale Broths Finely Sliced Chicken Cat Food 40g,1 Box,1.55,1,0.05,4.6,8.7,1.3
500027379,A167588,Fancy Feast Inspirations Chicken Pasta Pearls & Spinach 70g,1 Box,1.55,1,0.09,15,9.2,1.4
500027385,A169162,Isle Of Dogs Natural Breath Dog Treats 340g,"1 Box
1 Satchel/Bag",21.97,1,0.34,5,15,24
500027385,A176651,Plato Farmers Market Chicken & Vegetables Dog Treats 113g,"1 Box
1 Satchel/Bag",12.93,2,0.113,20,15,6
500027385,A167854,Yours Droolly Indoor Dog Mattress Blue - Medium,"1 Box
1 Satchel/Bag",109.98,2,1.5,90,59,8
500027385,A131362,Argus Electric Large Pet Heat Pad,"1 Box
1 Satchel/Bag",79.98,1,0.35,36,10.5,8.5
500027396,A168385,Iams Chicken Adult Cat Food 800g,1 Box,15.49,1,0.8,8,21.5,28
500027405,A127088,Hills Science Diet Original Active Longevity Senior Cat Food 6kg,1 Carton,108.96,1,6.1,55,30,10
500027417,A131111,Royal Canin Instinctive Kitten Food in Gravy 85g,"1 Box
1 Box",2.49,1,0.1,15,9.5,1
500027417,A143668,Fancy Feast Gravy Lovers Beef in Roast Beef Flavoured Gravy Cat Food 85g,"1 Box
1 Box",1.55,1,0.09,6.7,6.7,3.7
500027417,A143667,Fancy Feast Gravy Lovers Chicken in Grilled Chicken Flavour Gravy Cat Food,"1 Box
1 Box",1.55,1,0.09,6.7,6.7,3.7
500027417,A143670,Fancy Feast Gravy Lovers Salmon in Seared Salmon Flavoured Gravy Cat Food,"1 Box
1 Box",1.55,1,0.09,6.7,6.7,3.7
500027417,A143671,Fancy Feast Gravy Lovers WhiteFish in Sauteed Seafood Flavoured Gravy 85g,"1 Box
1 Box",1.55,1,0.09,6.7,6.7,3.7
500027417,A143822,Fancy Feast Grilled Chicken & Beef Cat Food 85g,"1 Box
1 Box",1.55,1,0.09,6.7,6.7,3.7
500027417,A113044,Fancy Feast Grilled Salmon Cat Food 85g,"1 Box
1 Box",1.55,1,0.09,6.7,6.7,3.7
500027417,A143818,Fancy Feast Grilled Turkey Cat Food 85g,"1 Box
1 Box",1.55,1,0.09,6.7,6.7,3.7
500027417,A113048,Fancy Feast Marinated Chicken Cat Food 85g,"1 Box
1 Box",1.55,1,0.09,6.7,6.7,3.7
500027417,A114930,Fancy Feast Marinated Turkey Cat Food 85g,"1 Box
1 Box",1.55,1,0.09,6.7,6.7,3.7
500027418,A135569,Advantage Flea Treatment for Cats over 4kg 4 Pack,1 Box,56.96,1,0.03,16.5,10.5,2.5
500027419,A151343,Pedigree Real Mince & Vegies Dog Food 20kg,1 Satchel/Bag,69.49,2,20.2,43,11,65
500027452,A174826,Hills Science Diet Hairball Control 7+ Adult Cat Food 4kg,1 Box,77.94,1,4.07,30.48,40.64,11.43
500027452,A163654,Dine Desire Fine Flaked Chicken 85g,1 Box,1.74,1,0.1,6.6,3.7,6.6
500027452,A236602,Dine Desire Chicken and Salmon in Sauce 85g,1 Box,1.74,1,0.1,21.7,14.3,16.3
500027452,A144041,Dine Desire Succulent Chicken Cat Food 85g,1 Box,1.74,1,0.09,6.6,6.6,3.7
500028434,A118169,Royal Canin Labrador Adult Dog Food 12kg,1 Satchel/Bag,145.96,2,12.1,37,12,82
500028477,A167083,Hills Science Diet Perfect Weight Dog Food 6.8kg,1 Carton,97.53,1,6.8,8,30,60
500028478,A141169,Breeder Celect Recycled Paper Litter 30l,1 Satchel/Bag,33.98,2,10.2,63,33,10
500028482,A177723,Pro Plan Small Breed Dog Food With Optilife 7kg,1 Parcel,82.93,1,,,,
500028486,A143827,Fancy Feast Elegant Medleys Shredded White Meat Chicken Cat Food 85g,"1 Box
1 Satchel/Bag",1.75,1,0.094,6.7,6.7,3.7
500028486,A143828,Fancy Feast Elegant Medleys Shredded Wild Salmon Cat Food 85g,"1 Box
1 Satchel/Bag",1.75,1,0.094,6.7,6.7,3.7
500028486,A133567,Fancy Feast Elegant Medleys White Meat Chicken Florentine Cat Food,"1 Box
1 Satchel/Bag",1.75,1,0.094,6.7,6.7,3.7
500028486,A133566,Fancy Feast Elegant Medleys Wild Salmon Florentine Cat Food 85g,"1 Box
1 Satchel/Bag",1.75,1,0.094,6.7,6.7,3.7
500028486,A118118,Royal Canin Maxi Junior Puppy Food 15kg,"1 Box
1 Satchel/Bag",156.96,2,15.2,75,37,12
500028486,A162366,Butchers Superior Cuts 15cm Bully Sticks Dog Treats 50 pack,"1 Box
1 Satchel/Bag",69.98,1,1.5,27,20,10
500028499,A152216,Topflite Wild Bird Nutty Peanut Energy Cake,1 Box,6.87,1,0.31,10.5,10.5,3.5
500028499,A152217,Topflite Wild Bird  WIld Berry Energy Cake,1 Box,6.87,1,0.31,10.5,10.5,3.5
500028533,A236602,Dine Desire Chicken & Salmon in Sauce 85g,1 Box,1.74,1,0.1,21.7,14.3,16.3
500028533,A144043,Dine Desire Flaked Tuna & Shredded Crab Cat Food 85g,1 Box,1.74,1,0.09,6.6,6.6,3.7
500028533,A163655,Dine Desire Flaked Tuna and Shaved Bonito 85g,1 Box,1.74,1,0.1,6.6,3.7,6.6
500028533,A163661,Dine Desire Flaked Tuna topped with Sole 85g,1 Box,1.74,1,0.1,6.6,3.7,6.6
500028533,A144047,Dine Desire Pure Tuna Whitemeat Cat Food 85g,1 Box,1.74,1,0.09,6.6,6.6,3.7
500028533,A144045,"Dine Desire Succulent Tuna, Whitebait & Snapper Cat Food 85g",1 Box,1.74,1,0.09,6.6,6.6,3.7
500028538,A163139,Go Cat Wild thing Wand Teaser Cat Toy 36inch,"1 Box
1 Cylinder",23.89,2,0.06,50,19,91
500028538,A138999,Kong Catnip Carrot Cat Toy,"1 Box
1 Cylinder",16.81,1,0.05,15,6,5
500028538,A148883,Feather Teaser Cat Toy 50cm,"1 Box
1 Cylinder",10.78,1,0.05,59.7,8.7,1.5
500028538,A171518,Bond & Co Ceramic Cat Face Bowl Black 140ml,"1 Box
1 Cylinder",16.98,1,0.3,15.75,15,5
500028538,A171490,Bond & Co Reflective Cat Harness Set Blue,"1 Box
1 Cylinder",24.98,1,0.13,9.8,5.1,1
500028538,A158651,Fun Green Cat Litter Scoop,"1 Box
1 Cylinder",6.18,1,0.2,22,10,2
500028549,A130908,Royal Canin Digestive Care Cat Food 2kg,1 Box,45.96,1,2.1,39,20,10
500028550,A135584,Advantage Flea Treatment for Cats over 4kg - 6 Pack,1 Box,76.69,1,0.03,16.5,10.5,2.5
500028550,A154433,Greenies Oven Roasted Chicken Cat Treats 71g,1 Box,7.9,1,0.08,19.5,13,3.5
500028550,A158384,M&C VETIQ Healthy Bites Breath & Dental Indoor Cat Treats,1 Box,9.81,1,0.08,2,10.5,19
500028550,A157939,Snoozzy Shearling Cup Dog Bed Blue,1 Box,39.98,1,0.5,50,20,20
500028550,A170594,Catit Senses 2 Level Treat Maze,1 Box,25.86,1,0.1,18,18,8
500028561,A163184,Eukanuba Medium Breed Weight Control Dog Food 15kg,1 Satchel/Bag,162.98,2,15.2,15,39,78
500028563,A127088,Hills Science Diet Original Active Longevity Senior Cat Food 6kg,1 Carton,108.96,1,6.1,55,30,10
500028567,A175612,Watson & Williams Poultry Wheat 5kg,1 Box,13.76,1,5,30,10,30
500028567,A220958,Kaytee Pine Bedding 10L,1 Box,10.96,1,0.92,41,10,10
500028586,A235837,Playmate Traveller - Medium Open Top 56 X 37 X 33.5cm,1 Box,89.88,2,3,56,37,33
500028600,A141477,Iams Chicken Adult Cat Food 15kg,"1 Box
1 Satchel/Bag",159.99,2,15.5,39,11.8,78.5
500028600,A135584,Advantage Flea Treatment for Cats over 4kg - 6 Pack,"1 Box
1 Satchel/Bag",76.69,1,0.03,16.5,10.5,2.5
500028600,A163467,Profender All wormer for Cats 5.1kg to 8kg - 2 Pack,"1 Box
1 Satchel/Bag",44.77,1,0.07,9,10,2
500028606,A113040,Fancy Feast Chunky Chicken Feast Cat Food 85g,"1 Box
1 Box
1 Parcel
1 Parcel",1.55,1,0.09,6.7,6.7,3.7
500028606,A113049,Fancy Feast Classic Ocean Whitefish & Tuna Feast Cat Food 85g,"1 Box
1 Box
1 Parcel
1 Parcel",1.55,1,0.09,6.7,6.7,3.7
500028606,A114928,Fancy Feast Classic Tender Beef Feast Cat Food 85g,"1 Box
1 Box
1 Parcel
1 Parcel",1.55,1,0.09,6.7,6.7,3.7
500028606,A114939,Fancy Feast Classic Tender Beef & Chicken Feast Cat Food 85g,"1 Box
1 Box
1 Parcel
1 Parcel",1.55,1,0.09,6.7,6.7,3.7
500028606,A143798,Fancy Feast Classic Chopped Grill Feast Cat Food 85g,"1 Box
1 Box
1 Parcel
1 Parcel",1.55,1,0.09,6.7,6.7,4
500028606,A143818,Fancy Feast Grilled Turkey Cat Food 85g,"1 Box
1 Box
1 Parcel
1 Parcel",1.55,1,0.09,6.7,6.7,3.7
500028606,A177615,Sophresh Cat Litter Clumping 12L,"1 Box
1 Box
1 Parcel
1 Parcel",29.99,2,15.36,47,30,10
500028606,A176705,Drontal Worm Treatment for Cats 6kg 2 Pack,"1 Box
1 Box
1 Parcel
1 Parcel",20.98,2,0.14,2,7,15
500028666,A113043,Fancy Feast Classic Savoury Salmon Feast Cat Food 85g,1 Box,1.55,1,0.09,6.7,6.7,3.7
500028666,A114939,Fancy Feast Classic Tender Beef & Chicken Feast Cat Food 85g,1 Box,1.55,1,0.09,6.7,6.7,3.7
500028666,A132031,Fancy Feast Classic Tender Beef & Liver Feast Cat Food 85g,1 Box,1.55,1,0.09,6.7,6.7,3.7
500028666,A114928,Fancy Feast Classic Tender Beef Feast Cat Food 85g,1 Box,1.55,1,0.09,6.7,6.7,3.7
500028666,A114934,Fancy Feast Classic Tender Liver & Chicken Feast Cat Food 85g,1 Box,1.55,1,0.09,6.7,6.7,3.7
500028666,A113042,Fancy Feast Classic Turkey & Giblets Feast Cat Food 85g,1 Box,1.55,1,0.09,6.7,6.7,3.7
500028667,A143798,Fancy Feast Classic Chopped Grill Feast Cat Food 85g,1 Box,1.55,1,0.09,6.7,6.7,4
500028667,A113043,Fancy Feast Classic Savoury Salmon Feast Cat Food 85g,1 Box,1.55,1,0.09,6.7,6.7,3.7
500028667,A114939,Fancy Feast Classic Tender Beef & Chicken Feast Cat Food 85g,1 Box,1.55,1,0.09,6.7,6.7,3.7
500028667,A132031,Fancy Feast Classic Tender Beef & Liver Feast Cat Food 85g,1 Box,1.55,1,0.09,6.7,6.7,3.7
500028667,A114934,Fancy Feast Classic Tender Liver & Chicken Feast Cat Food 85g,1 Box,1.55,1,0.09,6.7,6.7,3.7
500028667,A114928,Fancy Feast Classic Tender Beef Feast Cat Food 85g,1 Box,1.55,1,0.09,6.7,6.7,3.7
500028681,A141841,Natures Miracle Advanced Stain & Odour Control for Cats 709ml,1 Box,33.44,1,0.813,9.5,5.1,26.7
500027812,A168718,Nutro Lamb & Rice Puppy Food 2.27kg,1 Box,32.9,1,2.5,12.7,20.32,40.64
500027983,A176303,Eukanuba Large Breed Puppy Food 15kg,1 Satchel/Bag,167.97,2,15.1,15,37,80
500028005,A163524,Dine Daily Morsels in Jelly with Chicken Cat Food 85g,1 Box,1.49,1,0.092,2.3,8.8,8.8
500028065,A177741,Pro Plan Derma Plus Cat Food With Optiderma 1.3kg,1 Box,29.94,2,1.32,95,195,340
500028076,A141453,Eukanuba DailyCare Sensitive Skin Dog Food 12kg,1 Satchel/Bag,141.98,2,12.16,12,37,82
500028101,A167090,Hills Science Diet Perfect Weight Cat Food 1.3kg,1 Box,30.9,1,1.3,10,18,22
500028117,A134323,Elements Fish Keepers Learner Kit 21L,1 Box,99,1,6.25,37.5,23.5,17.5
500028151,A174845,Hills Science Diet Healthy Cuisine Chicken & Rice Medley Kitten Food 79g,1 Box,2.49,1,0.09,6.77,6.77,7.94
500028396,A133707,Blue Planet Bubbilo Air Pump SP100,1 Box,18.47,1,0.26,6,8.5,17
500028423,A177714,Pro Plan Small Breed Puppy Food With Optistart 2.5kg,1 Box,40.97,1,,,,
500028429,A167758,Aqua One Ecostyle 47 White Aquarium 38L,1 Carton,139,1,12,53,46,34
500028429,A144198,Blue Planet Bubbilo Airline Accessory Kit,1 Carton,8.27,1,0.081,10,8,4
500028429,A167676,Elements Aquarium Pepper Gravel 4-6mm 3kg,1 Carton,16.76,1,3,23,16,5
500028449,A114065,Petsafe Ultrasonic Handheld Collarless Dog Training System.,1 Box,89,1,0.17,7.6,15.2,20.3
500028456,A165185,Nutrience Original Large Breed Dog Food 13.6kg,1 Satchel/Bag,109,2,13.7,37,13,62
500028483,A142790,Hills Science Diet Oral Care Dog Food 2kg,1 Carton,39.76,1,2.1,20,12,41
500028518,A141453,Eukanuba DailyCare Sensitive Skin Dog Food 12kg,1 Satchel/Bag,141.98,2,12.16,12,37,82
500028518,A141404,Eukanuba Large Breed Puppy Food 3kg,1 Satchel/Bag,50.96,1,3.1,12,21,42
500028521,A143827,Fancy Feast Elegant Medleys Shredded White Meat Chicken Cat Food 85g,1 Box,1.75,1,0.094,6.7,6.7,3.7
500028521,A143828,Fancy Feast Elegant Medleys Shredded Wild Salmon Cat Food 85g,1 Box,1.75,1,0.094,6.7,6.7,3.7
500028521,A133567,Fancy Feast Elegant Medleys White Meat Chicken Florentine Cat Food,1 Box,1.75,1,0.094,6.7,6.7,3.7
500028521,A133566,Fancy Feast Elegant Medleys Wild Salmon Florentine Cat Food 85g,1 Box,1.75,1,0.094,6.7,6.7,3.7
500028587,A173308,Nexgard Spectra Flea Tick & Worm Chewable Treatment 3.6-7.5kg - 1 Pack,1 Parcel,23.97,1,0.03,11.7,2.6,10.2
500028587,A173312,Nexgard Spectra Flea Tick & Worm Chewable Treatment 15.1-30kg - 1 Pack,1 Parcel,24.97,1,0.03,11.7,2.6,10.2
500028705,A151512,Purina Cat Chow Complete Cat Food 7.26kg,1 Parcel,49.99,1,7.37,8.9,37.5,55.9
500028315,A131113,Royal Canin Intense Beauty Cat Food in Gravy 85g,1 Box,2.49,1,0.1,15,9.6,1
500028315,A131114,Royal Canin Ultra Light Cat Food in Gravy 85g,1 Box,2.49,1,0.1,15,9.5,1
500028335,A236901,Royal Canin Maine Coon Cat Food Pouch 85g,1 Box,2.49,1,0.1,15,9,1
500028335,A159440,Royal Canin Ageing +7 Senior Cat Food in Jelly 85g,1 Box,2.49,1,0.1,15,9.5,1
500028335,A147068,Royal Canin Ageing +12 Senior Cat Food in Gravy 85g,1 Box,2.49,1,0.1,15,9.5,1
500028335,A147069,Royal Canin Sensitive Digestion Cat Food in Gravy 85g,1 Box,2.49,1,0.1,15,9.5,1
500028460,A130707,Catit Grey Enclosed Cat Litter Tray,1 Satchel/Bag,93.98,2,1,53,40,47
500028460,A165860,Outward Hound Fun Feeder Dog Bowl Drop Teal,1 Satchel/Bag,43.98,1,0.3,12.5,11.6,2.3
500028476,A174842,Hills Science Diet Small Bites Puppy Food 2kg,1 Carton,36.86,1,2.25,20,12,41
500028480,A118169,Royal Canin Labrador Adult Dog Food 12kg,1 Satchel/Bag,145.96,2,12.1,37,12,82
500028487,A137990,Entertaineze Puzzle Ball Small Dog Toy,1 Box,24.99,1,0.27,24.5,16,8.5
500028514,A236154,Ezydog Drive Harness Medium,1 Box,164.97,1,,,,
500028514,A152316,Primal Beef & Vegetable Dog Food 390g,1 Box,3.29,1,0.44,7.5,7.5,11
500028514,A152317,Primal Lamb & Vegetable Dog Food 390g,1 Box,3.29,1,0.44,7.5,7.5,11
500028517,A164804,Petrageous Silly Kitty Lime Green Oval Bowl,1 Box,19.94,1,0.33,15.8,9.8,4
500028517,A140219,Trixie Comic Cat Ceramic Cat Dish 200ml,1 Box,14.76,1,0.35,12.5,12.5,4
500028517,A140220,Trixie Placemat Comic Cat,1 Box,9.94,1,0.06,33.5,28,1
500028517,A177037,Beco Can Cover Blue,1 Box,6.94,1,0.04,10,3,16
500028517,A177035,Beco Can Cover Green,1 Box,6.94,1,0.04,10,3,16
500028517,A146433,Trouble & Trix GlamourPuss Cat Claw Scissors,1 Box,25.79,1,0.85,20,15,5
500028517,A146435,Trouble & Trix GlamourPuss De-Shedding Brush for Cats,1 Box,36.95,1,0.22,20,15,10
500028580,A173795,Rogz Alleycat Safeloc Kitten Collar Black 8mm,1 Satchel/Bag,16.96,1,0.01,20.5,2,4
500028599,A145167,Topflite Poultry Scratch & Lay 20kg,"1 Satchel/Bag
1 Satchel/Bag",38.77,2,20,62,45,10
500028601,A151512,Purina Cat Chow Complete Cat Food 7.26kg,1 Box,49.99,1,7.37,8.9,37.5,55.9
500028604,A235661,Canine Digest-Aid With Probiotics 200g,"1 Box
1 Satchel/Bag",29.95,1,,,,
500028604,A157076,Iams Hairball Control Adult Cat Food 2.55kg,"1 Box
1 Satchel/Bag",44.99,1,2.65,35,23,10
500028604,A174837,Hills Science Diet Active Longevity 7+ Adult Dog Food 12kg,"1 Box
1 Satchel/Bag",139.94,1,12.21,40,56.8,14.5
500028604,A150636,Iams Lamb & Chicken Adult Cat Food 3kg,"1 Box
1 Satchel/Bag",44.99,1,3.04,21,12.5,40
500028614,A143671,Fancy Feast Gravy Lovers WhiteFish in Sauteed Seafood Flavoured Gravy 85g,1 Box,1.55,1,0.09,6.7,6.7,3.7
500028614,A144054,Dine Daily Cuts in Gravy with Beef & Liver Cat Food 85g,1 Box,1.49,1,0.09,2.8,8.8,8.8
500028614,A144063,Dine Daily Saucy Morsels with Tuna Mornay & Cheese Cat Food 85g,1 Box,1.49,1,0.09,2.8,8.8,8.8
500028614,A177616,Sophresh Cat Litter Crystal 12L,1 Box,29.99,2,5.86,47,30,10
500028663,A129261,Chasers Floats Holee Bowler Dog Toy Small,1 Satchel/Bag,17.96,1,0.2,10,10,10
500028663,A127551,Funny Chicken Small Dog Toy,1 Satchel/Bag,13.98,1,0.1,30,13,8
500028682,A113040,Fancy Feast Chunky Chicken Feast Cat Food 85g,1 Box,1.55,1,0.09,6.7,6.7,3.7
500028682,A113049,Fancy Feast Classic Ocean Whitefish & Tuna Feast Cat Food 85g,1 Box,1.55,1,0.09,6.7,6.7,3.7
500028682,A133568,Fancy Feast Ocean Whitefish Kitten Food 85g,1 Box,1.55,1,0.09,6.7,6.7,3.7
500028682,A144050,Dine Daily with Tender Chicken Kitten Food 85g,1 Box,1.49,1,0.09,2.8,8.8,8.8
500028682,A237359,Black Hawk Chicken Grain Free Dog Can 400g,1 Box,4.74,1,0.1,10,10,10
500028685,A176260,Iams Large Breed Dog Food 12kg,1 Satchel/Bag,84.96,2,12.2,15,37,80
500028696,A115461,Hartz Whitener Dog Shampoo 532ml,1 Parcel,25.88,1,0.56,6.5,6.5,22
500026062,A130706,Catit Blue Enclosed Cat Litter Tray,1 Satchel/Bag,93.98,2,1,53,40,47
500026147,A176767,Fresh Smileezz Grain Free Dental Dog Treats Small 340g,1 Box,29.97,1,,,,
500026147,A172469,Whimzees Toothbrush Small Dog Treat 24 pack,1 Box,26.96,1,0.36,18,26,8
500026196,A114939,Fancy Feast Classic Tender Beef & Chicken Feast Cat Food 85g,"1 Box
1 Box",1.55,1,0.09,6.7,6.7,3.7
500026196,A114934,Fancy Feast Classic Tender Liver & Chicken Feast Cat Food 85g,"1 Box
1 Box",1.55,1,0.09,6.7,6.7,3.7
500026196,A113042,Fancy Feast Classic Turkey & Giblets Feast Cat Food 85g,"1 Box
1 Box",1.55,1,0.09,6.7,6.7,3.7
500026290,A165062,Friskies Party Mix Naturals Chicken 60g,1 Box,4.29,1,0.18,10.8,3.9,18.5
500026432,A112870,Comfypet Black Padded Mattress,1 Satchel/Bag,57.89,2,0.75,114,66,4
500026532,A173105,Isle Of Dogs Silky Oatmeal Dog Shampoo 473ml,"1 Box
1 Satchel/Bag",29.98,1,0.5,6,6,20
500026532,A118093,Royal Canin Mini Adult Dog Food 8kg,"1 Box
1 Satchel/Bag",97.97,2,8.2,56,10,13
500026642,A176950,"Wellness Healthy Indulgence Natural Grain Free, Morsels With Chicken & Salmon in Savory Sauce, 85g",1 Box,2.99,1,0.01,10,10,10
500026642,A171569,Wellness Divine Duos Chicken & Duck Cat Food - 79g,1 Box,2.99,1,0.094,7.62,7.62,3.81
500026642,A171570,Wellness Divine Duos Chicken & Turkey Cat Food - 79g,1 Box,2.99,1,0.094,7.62,7.62,3.81
500026642,A147069,Royal Canin Sensitive Digestion Cat Food in Gravy 85g,1 Box,2.49,1,0.1,15,9.5,1
500026642,A236901,Royal Canin Maine Coon Cat Food Pouch 85g,1 Box,2.49,1,0.1,15,9,1
500026725,A127178,Royal Canin Kitten Food 4kg,1 Box,81.94,1,4,3.8,2.5,1.4
500026981,A154611,Ezydog Click Adjustable Seat Belt Attachment,1 Box,34.86,1,0.05,5,5,2
500027117,A159016,Ware Safari Sleeper Small Pet Bed,1 Box,23.88,1,0.068,25,19,5
500027117,A159626,Trixie Play and Snack Ball 8cm,1 Box,11.76,1,0.04,8,8,8
500027117,A158885,Ware Barrel Roller,1 Box,9.48,1,0.031,7.6,7,5.4
500027173,A148995,Seachem Prime 500ml,1 Box,49.87,1,0.5,6,6,20
500027173,A135274,Seachem Flourish Excel Plant Supplement 500ml,1 Box,39.87,1,0.5,6,6,20
500027173,A132525,Nutrafin Max Tropical Flake Food 215g,1 Box,32.88,1,0.22,11.2,11.2,14.2
500027173,A132533,Nutrafin Max Tropical Pellet Food 160g,1 Box,32.67,1,0.16,7.4,7.4,13.9
500027173,A132538,Nutrafin Max Bottom Feeder Sinking Tablets 120g,1 Box,29.56,1,0.12,6.6,6.6,9.5
500027173,A132542,Nutrafin Max Spirulina Tablet Fish Food 110g,1 Box,30.78,1,0.11,6.6,6.6,9.5
500027173,A213868,Wardley Sinking Shrimp Pellets 255g,1 Box,28.12,1,0.31,7,7,13
500027173,A136853,Tetra Veggie Algae Wafer Food 150g,1 Box,39.76,1,0.15,12.1,4.4,19.7
500027173,A109258,Marina Cleaning Hose Brush 1 Metre,1 Box,10.29,1,0.02,19.7,9.8,3
500027254,A235661,Canine Digest-Aid with Probiotics 200g,"1 Box
1 Carton",29.95,1,,,,
500027254,A146977,Eukanuba Medium Breed Healthy Extras Dog Treats 341g,"1 Box
1 Carton",11.97,1,0.44,8,22,19
500027254,A157076,Iams Hairball Control Adult Cat Food 2.55kg,"1 Box
1 Carton",44.99,1,2.65,35,23,10
500027254,A174837,Hills Science Diet Active Longevity 7+ Adult Dog Food 12kg,"1 Box
1 Carton",139.94,1,12.21,40,56.8,14.5
500027254,A150636,Iams Lamb & Chicken Adult Cat Food 3kg,"1 Box
1 Carton",44.99,1,3.04,21,12.5,40
500027409,A203860,Masterpet Rabbit and Guinea Pig Food Mix 2.5kg,1 Box,18.39,1,2.7,32,27,2.74
500027409,A138639,Small Pet Corner Litter Tray Blue Medium,1 Box,13.66,1,0.25,36,25,19
500027409,A165062,Friskies Party Mix Naturals Chicken 60g,1 Box,4.29,1,0.18,10.8,3.9,18.5
500027457,A173315,Nexgard Spectra Flea Tick & Worm Chewable Treatment 30.1kg - 60kg 3pk,1 Box,64.97,1,0.04,11.7,2.6,10.2
500027537,A171208,Burgess Excel Junior & Dwarf Rabbit Nuggets With Mint 2kg,"1 Box
1 Carton",29.97,1,2,36,40,24
500027537,A237061,Topflite Timothy Hay 1kg,"1 Box
1 Carton",14.99,2,1,40,30,40
500028081,A150237,small animal Cage 120cm,1 Satchel/Bag,149,2,11,120,55,17
500028351,A174846,Hills Science Diet Healthy Cuisine Chicken & Rice Medley Adult Cat Food 79g,"1 Box
1 Carton",2.49,1,0.09,6.77,6.77,7.94
500028351,A174847,Hills Science Diet Healthy Cuisine Tuna & Carrot Medley Adult Cat Food 79g,"1 Box
1 Carton",2.49,1,0.09,6.77,6.77,7.94
500028351,A188188,Advocate Flea Treatment for Cats over 4kg - 3 Pack,"1 Box
1 Carton",58.79,1,0.05,16.5,10.5,2.5
500028351,A188194,Advocate Flea Treatment for Dogs 4-10kg - 3 Pack,"1 Box
1 Carton",63.89,1,0.05,16.5,10.5,2.5
500028351,A127084,Hills Science Diet Original Optimal Care Cat Food 6kg,"1 Box
1 Carton",99.98,1,6.1,55,30,10
500028625,A236536,Snoozzy Shearling Cup Black Dog Bed,1 Box,39.98,2,0.05,22,16,1
500028693,A236530,Snoozzy Bumper Black Dog Bed Large,"1 Box
1 Satchel/Bag",99.98,2,0.05,15,15,1
500028693,A167855,Yours Droolly Indoor Dog Mattress Blue - Large,"1 Box
1 Satchel/Bag",139.98,2,2,104,68,8
500028339,A156024,JBL NovoBel Flakes for Tropical Fish 45g,1 Box,15.39,1,0.05,6,6,11.5
500028339,A138793,Blue Planet Floating Glass Thermometer,1 Box,5.98,1,0.019,21.5,6.5,2.5
500028339,A158140,Jebo 2010 Aqua Heater 100W,1 Box,23.97,1,0.32,30.4,9.2,4.6
500028347,A144052,Dine Daily Classic Terrine with Beef Cat Food 85g,1 Box,1.49,1,0.09,2.8,8.8,8.8
500028347,A163524,Dine Daily Morsels in Jelly with Chicken Cat Food 85g,1 Box,1.49,1,0.092,2.3,8.8,8.8
500028347,A151818,Dine Daily Saucy Morsels with Ocean Fish Cat Food 85g,1 Box,1.49,1,0.09,2.8,8.8,8.8
500028347,A144063,Dine Daily Saucy Morsels with Tuna Mornay & Cheese Cat Food 85g,1 Box,1.49,1,0.09,2.8,8.8,8.8
500028347,A151327,Whiskas Temptations Hearty Beef Mega Pack Cat Treats 180g,1 Box,8.58,1,0.18,16,4,20
500028347,A175737,Watson & Williams Budgie Seed Mix 2kg,1 Box,18.66,1,2,35,23,5
500028347,A150624,Avi One Tri-angle Rope & Wood Bird Swing,1 Box,18.47,1,0.17,31,27,6.5
500028347,A144050,Dine Daily with Tender Chicken Kitten Food 85g,1 Box,1.49,1,0.09,2.8,8.8,8.8
500028358,A130006,Animates Millet Spray 25 pack,1 Box,16.77,1,0.63,45,30,7
500028358,A129914,Animates Cockatiel Treat Twin Pack,1 Box,6.97,1,0.09,19,12,14.5
500028358,A162057,Animates Compressed Lucerne Hay Bale 5L,1 Box,9.99,1,1.49,32,16,11
500028363,A141399,Eukanuba Medium Breed Puppy Food 3kg,1 Box,50.96,1,3.1,12,21,42
500028363,A162530,Washbar Original Dog Soap 100G,1 Box,12.87,1,0.1,8,5,2
500028391,A236840,Scruffs Thermal Pet Mat Black and Grey 60x45cm,1 Box,39.98,1,0,0,0,0
500028391,A235680,Yours Droolly Cooling Pet Mat,1 Box,49.98,2,1.5,80,70,3
500028391,A114065,Petsafe Ultrasonic Handheld Collarless Dog Training System.,1 Box,89,1,0.17,7.6,15.2,20.3
500028391,A145979,Pro Line No Bark Small Dog Collar,1 Box,99.87,1,0.15,6.99,12.7,20.64
500028391,A110035,Ziwi Peak Good-Dog Rewards Venison 85g,1 Box,13.96,1,0.09,12,2,19
500028391,A110039,Ziwi Peak Good-Dog Rewards Beef 85g,1 Box,9.87,1,0.09,19,12,2
500028393,A132024,Royal Canin Shih Tzu Adult Dog Food 7.5kg,1 Carton,102.97,1,7.6,38,10,50
500028421,A167037,Elements Aquarium Mixed Gem Gravel 6-8Mm 5kg,1 Box,20.88,1,5,38,30,17
500028445,A236343,Zee.Dog Dog Lead Phantom Large,1 Box,39.83,1,,,,
500028445,A236339,Zee.Dog Dog Lead Skull Large,1 Box,39.83,1,,,,
500028445,A236301,Zee.Dog Dog Collar Phantom Large,1 Box,32.92,1,0.05,10,10,10
500028445,A236305,Zee.Dog Dog Collar Skull Large,1 Box,32.92,1,0.05,10,10,10
500028445,A236371,Zee.Dog Dog Bow Tie Skull Large,1 Box,15.89,1,,,,
500028451,A212764,Best Bird Lorikeet Wet Mix 2.4kg,1 Box,42.16,1,2.5,28,21,7
500028452,A165204,Burgess Excel Tasty Rabbit Nuggets 4kg,"1 Box
1 Parcel",44.86,1,4.04,28,13,42
500028452,A135059,Petware Pine Small Pet Bedding 18L,"1 Box
1 Parcel",11.99,1,1.14,15,10,32
500028452,A177727 ,Pro Plan Large Breed Puppy Food With Optistart 12kg,"1 Box
1 Parcel",127.93,1,,,,
500028500,A131113,Royal Canin Intense Beauty Cat Food in Gravy 85g,"1 Box
1 Parcel
1 Box",2.49,1,0.1,15,9.6,1
500028500,A118225,Royal Canin Intense Hairball Care Cat Food 2kg,"1 Box
1 Parcel
1 Box",45.96,1,2,3.2,1.9,1.05
500028500,A105357,Tigga Cat Catch & Scratch Pad,"1 Box
1 Parcel
1 Box",19.78,1,0.34,36,20.5,4.4
500028500,A177363,Fur & Purr Cardboard Scratcher Single,"1 Box
1 Parcel
1 Box",10.98,1,0.14,48,12,12
500028500,A151933,Scotch Brite 56 Sheet Lint Roller,"1 Box
1 Parcel
1 Box",10.98,1,0.25,25,10,8
500028500,A177612,Sophresh Cat Litter Clumping 6L,"1 Box
1 Parcel
1 Box",19.99,1,7.11,38,29,8
500028500,A124078,Aristotray Royal Blue Open Litter Tray,"1 Box
1 Parcel
1 Box",20.6,1,0.5,42,37,11
500028500,A155409,Trouble & Trix Crystal Cat Litter with Anti Bacterial Agent 7L,"1 Box
1 Parcel
1 Box",20.99,2,2.7,11,22,52
500028500,A117425,Royal Blue Cat Litter Scoop,"1 Box
1 Parcel
1 Box",6.18,1,0.4,28,10,5
500028500,A162454,Trouble & Trix Cat No More Hairball & Vomit Stains 1L,"1 Box
1 Parcel
1 Box",34.79,1,1.1,8.5,8.5,24
500028500,A162452,Trouble & Trix Cat No More Litterbox Odour 750ml,"1 Box
1 Parcel
1 Box",29.98,1,0.8,11,5.5,26
500028596,A129458,Advantage Flea Treatment for Dogs 10-25kg - 4 Pack,1 Box,60.84,1,0.04,16.5,10.5,20.5
500028626,A165209,Burgess Excel Chinchilla Nuggets 2kg,1 Box,25.66,1,2.025,20,12,36
500028626,A204982,LM Chinchilla Dust Bath 907g,1 Box,26.87,1,1.025,10,10,21
500028626,A237061,Topflite Timothy Hay 1kg,1 Box,14.99,2,1,40,30,40
500028637,A118240,Royal Canin Maine Coon Cat Food 10kg,"1 Box
1 Satchel/Bag",146.96,2,10,5.8,3.75,1.4
500028637,A176260,Iams Large Breed Dog Food 12kg,"1 Box
1 Satchel/Bag",84.96,2,12.2,15,37,80
500028644,A164765,Kat Attack Russell Carpet & Sisal Cat Scratch Pole 80cm,1 Satchel/Bag,99.74,2,5.65,82,40,10
500028659,A143827,Fancy Feast Elegant Medleys Shredded White Meat Chicken Cat Food 85g,1 Box,1.75,1,0.094,6.7,6.7,3.7
500028659,A143828,Fancy Feast Elegant Medleys Shredded Wild Salmon Cat Food 85g,1 Box,1.75,1,0.094,6.7,6.7,3.7
500028659,A151324,Whiskas Temptations Tempting Tuna Cat Treats 85g,1 Box,4.49,1,0.09,3,11,17.2
500028672,A146031,Le Salon Essentials Cat Slicker Brush,1 Box,20.98,1,0.11,22,15,10
500028688,A152584,Royal Canin Maxi Junior Puppy Food 4kg,1 Box,63.86,1,4.5,38,12,14
500028688,A129459,Advantage Flea Treatment For Dogs Over 25kg 4 Pack,1 Box,62.47,1,0.04,16.5,10.5,2.5
